{
  "hash": "f9132b83",
  "configHash": "a27b1ce6",
  "lockfileHash": "d820bccd",
  "browserHash": "e7674c7b",
  "optimized": {
    "@angular/common": {
      "src": "../../../../../../node_modules/@angular/common/fesm2022/common.mjs",
      "file": "@angular_common.js",
      "fileHash": "da7d8100",
      "needsInterop": false
    },
    "@angular/common/http": {
      "src": "../../../../../../node_modules/@angular/common/fesm2022/http.mjs",
      "file": "@angular_common_http.js",
      "fileHash": "1a773190",
      "needsInterop": false
    },
    "@angular/core": {
      "src": "../../../../../../node_modules/@angular/core/fesm2022/core.mjs",
      "file": "@angular_core.js",
      "fileHash": "5f7404b1",
      "needsInterop": false
    },
    "@angular/forms": {
      "src": "../../../../../../node_modules/@angular/forms/fesm2022/forms.mjs",
      "file": "@angular_forms.js",
      "fileHash": "c4839078",
      "needsInterop": false
    },
    "@angular/material/card": {
      "src": "../../../../../../node_modules/@angular/material/fesm2022/card.mjs",
      "file": "@angular_material_card.js",
      "fileHash": "16decc24",
      "needsInterop": false
    },
    "@angular/material/dialog": {
      "src": "../../../../../../node_modules/@angular/material/fesm2022/dialog.mjs",
      "file": "@angular_material_dialog.js",
      "fileHash": "04048546",
      "needsInterop": false
    },
    "@angular/material/divider": {
      "src": "../../../../../../node_modules/@angular/material/fesm2022/divider.mjs",
      "file": "@angular_material_divider.js",
      "fileHash": "0c2b76a2",
      "needsInterop": false
    },
    "@angular/material/form-field": {
      "src": "../../../../../../node_modules/@angular/material/fesm2022/form-field.mjs",
      "file": "@angular_material_form-field.js",
      "fileHash": "869926d3",
      "needsInterop": false
    },
    "@angular/material/icon": {
      "src": "../../../../../../node_modules/@angular/material/fesm2022/icon.mjs",
      "file": "@angular_material_icon.js",
      "fileHash": "317c5e34",
      "needsInterop": false
    },
    "@angular/material/input": {
      "src": "../../../../../../node_modules/@angular/material/fesm2022/input.mjs",
      "file": "@angular_material_input.js",
      "fileHash": "544d75a2",
      "needsInterop": false
    },
    "@angular/material/paginator": {
      "src": "../../../../../../node_modules/@angular/material/fesm2022/paginator.mjs",
      "file": "@angular_material_paginator.js",
      "fileHash": "e3b40e07",
      "needsInterop": false
    },
    "@angular/material/sort": {
      "src": "../../../../../../node_modules/@angular/material/fesm2022/sort.mjs",
      "file": "@angular_material_sort.js",
      "fileHash": "f0d5d551",
      "needsInterop": false
    },
    "@angular/material/table": {
      "src": "../../../../../../node_modules/@angular/material/fesm2022/table.mjs",
      "file": "@angular_material_table.js",
      "fileHash": "a7b587be",
      "needsInterop": false
    },
    "@angular/platform-browser": {
      "src": "../../../../../../node_modules/@angular/platform-browser/fesm2022/platform-browser.mjs",
      "file": "@angular_platform-browser.js",
      "fileHash": "53f7fcf5",
      "needsInterop": false
    },
    "@angular/platform-browser/animations": {
      "src": "../../../../../../node_modules/@angular/platform-browser/fesm2022/animations.mjs",
      "file": "@angular_platform-browser_animations.js",
      "fileHash": "2c0cfef6",
      "needsInterop": false
    },
    "@angular/platform-browser/animations/async": {
      "src": "../../../../../../node_modules/@angular/platform-browser/fesm2022/animations/async.mjs",
      "file": "@angular_platform-browser_animations_async.js",
      "fileHash": "671ecac1",
      "needsInterop": false
    },
    "@angular/router": {
      "src": "../../../../../../node_modules/@angular/router/fesm2022/router.mjs",
      "file": "@angular_router.js",
      "fileHash": "b984bfb7",
      "needsInterop": false
    },
    "@swimlane/ngx-charts": {
      "src": "../../../../../../node_modules/@swimlane/ngx-charts/fesm2022/swimlane-ngx-charts.mjs",
      "file": "@swimlane_ngx-charts.js",
      "fileHash": "69842ffe",
      "needsInterop": false
    },
    "rxjs": {
      "src": "../../../../../../node_modules/rxjs/dist/esm5/index.js",
      "file": "rxjs.js",
      "fileHash": "8c4bc7f1",
      "needsInterop": false
    },
    "@angular/material/select": {
      "src": "../../../../../../node_modules/@angular/material/fesm2022/select.mjs",
      "file": "@angular_material_select.js",
      "fileHash": "9023ed5c",
      "needsInterop": false
    },
    "@angular/material/core": {
      "src": "../../../../../../node_modules/@angular/material/fesm2022/core.mjs",
      "file": "@angular_material_core.js",
      "fileHash": "30c18ffe",
      "needsInterop": false
    },
    "@angular/material/checkbox": {
      "src": "../../../../../../node_modules/@angular/material/fesm2022/checkbox.mjs",
      "file": "@angular_material_checkbox.js",
      "fileHash": "f276ef07",
      "needsInterop": false
    },
    "rxjs/operators": {
      "src": "../../../../../../node_modules/rxjs/dist/esm5/operators/index.js",
      "file": "rxjs_operators.js",
      "fileHash": "3bb0f9ca",
      "needsInterop": false
    }
  },
  "chunks": {
    "browser-C2X5OAVB": {
      "file": "browser-C2X5OAVB.js"
    },
    "chunk-HNIDKYCT": {
      "file": "chunk-HNIDKYCT.js"
    },
    "chunk-CWB7VFPF": {
      "file": "chunk-CWB7VFPF.js"
    },
    "chunk-OZ6BTFMK": {
      "file": "chunk-OZ6BTFMK.js"
    },
    "chunk-Q4U6OG37": {
      "file": "chunk-Q4U6OG37.js"
    },
    "chunk-3ZRT2O6H": {
      "file": "chunk-3ZRT2O6H.js"
    },
    "chunk-GHGRPWOH": {
      "file": "chunk-GHGRPWOH.js"
    },
    "chunk-D6QNJXVX": {
      "file": "chunk-D6QNJXVX.js"
    },
    "chunk-H6DDMR6X": {
      "file": "chunk-H6DDMR6X.js"
    },
    "chunk-2XGIX3XR": {
      "file": "chunk-2XGIX3XR.js"
    },
    "chunk-TH2JOATV": {
      "file": "chunk-TH2JOATV.js"
    },
    "chunk-MY2BI2SJ": {
      "file": "chunk-MY2BI2SJ.js"
    },
    "chunk-FMUAAVGR": {
      "file": "chunk-FMUAAVGR.js"
    },
    "chunk-2AHVS25V": {
      "file": "chunk-2AHVS25V.js"
    },
    "chunk-BHAS47UM": {
      "file": "chunk-BHAS47UM.js"
    },
    "chunk-UFPNH3LU": {
      "file": "chunk-UFPNH3LU.js"
    },
    "chunk-KG6VIPBZ": {
      "file": "chunk-KG6VIPBZ.js"
    }
  }
}